{"loss": [2.9025778770446777, 2.377671480178833, 2.1150410175323486, 1.9597718715667725, 1.8155468702316284, 1.7376211881637573, 1.649352788925171, 1.5785120725631714, 1.5220130681991577, 1.4613804817199707], "t_0_acc": [0.0925130769610405, 0.07343792170286179, 0.06873228400945663, 0.06837678700685501, 0.06658060103654861, 0.06658060103654861, 0.06642156094312668, 0.06566379219293594, 0.06622510403394699, 0.06484054028987885], "t_0_loss": [0.2473185956478119, 0.19586044549942017, 0.16962353885173798, 0.1541232019662857, 0.13970674574375153, 0.13198067247867584, 0.12316538393497467, 0.116094209253788, 0.11037612706422806, 0.1043824553489685], "t_2_acc": [0.8474081754684448, 0.851206362247467, 0.851206362247467, 0.851206362247467, 0.851206362247467, 0.851206362247467, 0.851206362247467, 0.851206362247467, 0.851206362247467, 0.851206362247467], "t_2_loss": [0.430248498916626, 0.4196951687335968, 0.41919249296188354, 0.41867122054100037, 0.4185832738876343, 0.4184238314628601, 0.41843339800834656, 0.4180825650691986, 0.41800937056541443, 0.4176127314567566], "val_loss": [1.8979525566101074, 1.886999487876892, 1.8863720893859863, 1.8815504312515259, 1.8860903978347778, 1.8893208503723145, 1.8810248374938965, 1.8769842386245728, 1.873100757598877, 1.864728569984436], "val_t_0_acc": [0.1480047106742859, 0.1400909274816513, 0.1509513407945633, 0.14455296099185944, 0.1486782282590866, 0.1551607996225357, 0.15196160972118378, 0.15937025845050812, 0.15541337430477142, 0.15246674418449402], "val_t_0_loss": [0.0, 0.0, 0.0, 0.0, 0.0, 0.0, 0.0, 0.0, 0.0, 0.0], "val_t_2_acc": [0.0, 0.0, 0.0, 0.0, 0.0, 0.0, 0.0, 0.0, 0.0, 0.0], "val_t_2_loss": [1.8981090784072876, 1.8872162103652954, 1.8865691423416138, 1.8816921710968018, 1.886223554611206, 1.8894017934799194, 1.8811099529266357, 1.8770502805709839, 1.8731740713119507, 1.8648556470870972]}