{"loss": [2.670689105987549, 2.0164263248443604, 1.731132984161377, 1.521819829940796, 1.3855178356170654, 1.266419768333435, 1.1695775985717773, 1.0997546911239624, 1.041960597038269, 0.9879156947135925], "t_0_acc": [0.052473034709692, 0.054830532521009445, 0.05680446699261665, 0.06099557504057884, 0.061238810420036316, 0.05981682613492012, 0.052865948528051376, 0.04606475681066513, 0.04015230014920235, 0.03430533409118652], "t_0_loss": [0.22373490035533905, 0.1596485674381256, 0.1311429888010025, 0.11026211827993393, 0.09667839109897614, 0.08481404930353165, 0.07515061646699905, 0.06818901002407074, 0.062439609318971634, 0.0570976585149765], "t_2_acc": [0.8412337303161621, 0.851206362247467, 0.851206362247467, 0.851206362247467, 0.851206362247467, 0.851206362247467, 0.851206362247467, 0.851206362247467, 0.851206362247467, 0.851206362247467], "t_2_loss": [0.432890921831131, 0.4205332398414612, 0.4200672209262848, 0.41928327083587646, 0.41901350021362305, 0.4183826446533203, 0.4183429181575775, 0.4180081784725189, 0.4175318479537964, 0.41728565096855164], "val_loss": [1.910686731338501, 1.8941594362258911, 1.8914744853973389, 1.870808720588684, 1.8841657638549805, 1.87415611743927, 1.8573139905929565, 1.8699194192886353, 1.8535653352737427, 1.8429323434829712], "val_t_0_acc": [0.1436389684677124, 0.1260419338941574, 0.10642418265342712, 0.09110044687986374, 0.0880693793296814, 0.062389492988586426, 0.0390671044588089, 0.03241559490561485, 0.022143639624118805, 0.01616569794714451], "val_t_0_loss": [0.0, 0.0, 0.0, 0.0, 0.0, 0.0, 0.0, 0.0, 0.0, 0.0], "val_t_2_acc": [0.0, 0.0, 0.0, 0.0, 0.0, 0.0, 0.0, 0.0, 0.0, 0.0], "val_t_2_loss": [1.9104936122894287, 1.893869400024414, 1.8912160396575928, 1.870579719543457, 1.8840954303741455, 1.8740462064743042, 1.8572388887405396, 1.869857668876648, 1.8535420894622803, 1.8429542779922485]}