{"loss": [2.7323410511016846, 2.2070064544677734, 1.9326214790344238, 1.743973731994629, 1.601383090019226, 1.4898583889007568, 1.4159214496612549, 1.3370466232299805, 1.2774392366409302, 1.2050634622573853], "t_0_acc": [0.09155885130167007, 0.1126079335808754, 0.1255180388689041, 0.12945656478405, 0.1314304918050766, 0.1333763599395752, 0.13351669907569885, 0.1316830813884735, 0.12781940400600433, 0.12292666733264923], "t_0_loss": [0.23036761581897736, 0.17873314023017883, 0.1513807475566864, 0.13255411386489868, 0.11837922781705856, 0.10723886638879776, 0.09988315403461456, 0.09196587651968002, 0.08598888665437698, 0.07877445220947266], "t_2_acc": [0.848699152469635, 0.851206362247467, 0.851206362247467, 0.851206362247467, 0.851206362247467, 0.851206362247467, 0.851206362247467, 0.851206362247467, 0.851206362247467, 0.851206362247467], "t_2_loss": [0.4293192923069, 0.4199311435222626, 0.4191543757915497, 0.41850563883781433, 0.41782045364379883, 0.4177369475364685, 0.4176521301269531, 0.4176843464374542, 0.4175652265548706, 0.41740813851356506], "val_loss": [1.9550477266311646, 1.8929071426391602, 1.9038463830947876, 1.8922312259674072, 1.8808178901672363, 1.8822766542434692, 1.8749439716339111, 1.87641441822052, 1.8763102293014526, 1.8826528787612915], "val_t_0_acc": [0.04882976785302162, 0.050934500992298126, 0.06650951504707336, 0.06718302518129349, 0.06171072646975517, 0.05143963545560837, 0.046977605670690536, 0.04024246335029602, 0.029297862201929092, 0.01961609721183777], "val_t_0_loss": [0.0, 0.0, 0.0, 0.0, 0.0, 0.0, 0.0, 0.0, 0.0, 0.0], "val_t_2_acc": [0.0, 0.0, 0.0, 0.0, 0.0, 0.0, 0.0, 0.0, 0.0, 0.0], "val_t_2_loss": [1.9551739692687988, 1.8930139541625977, 1.9039462804794312, 1.892320990562439, 1.880935788154602, 1.8823622465133667, 1.8751200437545776, 1.8766072988510132, 1.8766177892684937, 1.88297700881958]}