{"auc": [0.6362025867651111, 0.5609003336007807, 0.538032001612565], "ks_value": [0.02706396597144231, 0.03580969547024948, 0.015031165105576116], "cvm": [0.0009807701814232167, 0.000820831778298133, 0.0009155640055123742]}