{"loss": [0.8501110672950745, 0.7198194265365601, 0.6586562395095825, 0.6173797249794006, 0.5888131856918335, 0.5671002268791199, 0.5488912463188171, 0.5311251878738403, 0.5187761187553406, 0.5103451013565063], "t_0_acc": [0.02653120458126068, 0.016652166843414307, 0.009102560579776764, 0.0034426951315253973, 0.0008138979901559651, 0.0001777478464646265, 3.742059925571084e-05, 0.0, 0.0, 0.0], "t_0_loss": [0.4625278115272522, 0.3565388023853302, 0.2971552312374115, 0.2572665512561798, 0.22921499609947205, 0.2067275196313858, 0.1882961541414261, 0.17169037461280823, 0.1593693643808365, 0.14997822046279907], "t_2_acc": [0.8516834378242493, 0.8544712662696838, 0.8551916480064392, 0.8549764752388, 0.8542093634605408, 0.8542654514312744, 0.8539006114006042, 0.8547987341880798, 0.8541157841682434, 0.8538258075714111], "t_2_loss": [0.3876146972179413, 0.3632950484752655, 0.36152413487434387, 0.36017149686813354, 0.359698086977005, 0.3604011535644531, 0.36063331365585327, 0.35945791006088257, 0.3594490587711334, 0.3603914678096771], "val_loss": [1.4803763628005981, 1.6362812519073486, 1.5339922904968262, 1.5569055080413818, 1.537465214729309, 1.5471857786178589, 1.5144208669662476, 1.5801054239273071, 1.5395641326904297, 1.5174281597137451], "val_t_0_acc": [0.06684627383947372, 0.0494190938770771, 0.030055565759539604, 0.010355278849601746, 0.0020205422770231962, 0.00016837850853335112, 8.418925426667556e-05, 0.0, 0.0, 0.0], "val_t_0_loss": [0.0, 0.0, 0.0, 0.0, 0.0, 0.0, 0.0, 0.0, 0.0, 0.0], "val_t_2_acc": [0.08452601730823517, 0.07071897387504578, 0.09664926677942276, 0.0873042568564415, 0.09664926677942276, 0.08823034167289734, 0.10397373139858246, 0.07425492256879807, 0.07972722500562668, 0.08452601730823517], "val_t_2_loss": [1.4805171489715576, 1.6353145837783813, 1.5332156419754028, 1.5563991069793701, 1.5375802516937256, 1.5471580028533936, 1.5138019323349, 1.5793356895446777, 1.5388779640197754, 1.5167620182037354]}