{"loss": [0.8438873291015625, 0.7112816572189331, 0.6468832492828369, 0.6078474521636963, 0.5793518424034119, 0.5570258498191833, 0.5406017303466797, 0.5256374478340149, 0.5127111077308655, 0.5033557415008545], "t_0_acc": [0.05597186088562012, 0.06274498999118805, 0.06966780126094818, 0.07498152554035187, 0.09274695068597794, 0.13143984973430634, 0.179188534617424, 0.21844273805618286, 0.2463397979736328, 0.27051350474357605], "t_0_loss": [0.4371989369392395, 0.32417553663253784, 0.25937744975090027, 0.21933554112911224, 0.1879466474056244, 0.1614225208759308, 0.1415347307920456, 0.12403171509504318, 0.10733044892549515, 0.09582455456256866], "t_2_acc": [0.8498685359954834, 0.8520109057426453, 0.8522354364395142, 0.852319598197937, 0.8521137833595276, 0.8513373136520386, 0.8516273498535156, 0.8513747453689575, 0.8514589071273804, 0.8512905240058899], "t_2_loss": [0.4067342281341553, 0.3870050609111786, 0.3875531852245331, 0.3885575234889984, 0.39137330651283264, 0.3956232964992523, 0.39911362528800964, 0.4016236662864685, 0.4054022431373596, 0.40756335854530334], "val_loss": [1.7082271575927734, 1.7404558658599854, 1.7299020290374756, 1.7619563341140747, 1.8120816946029663, 1.8687728643417358, 1.8773447275161743, 1.902222752571106, 1.918424129486084, 1.9208940267562866], "val_t_0_acc": [0.027953187003731728, 0.018523195758461952, 0.02298560179769993, 0.027195420116186142, 0.02576408162713051, 0.029973899945616722, 0.038309335708618164, 0.048497095704078674, 0.057421907782554626, 0.06853582710027695], "val_t_0_loss": [0.0, 0.0, 0.0, 0.0, 0.0, 0.0, 0.0, 0.0, 0.0, 0.0], "val_t_2_acc": [0.004041424486786127, 0.012797844596207142, 0.014313378371298313, 0.011029721237719059, 0.007156689185649157, 0.0032836575992405415, 0.0021049086935818195, 0.0015155342407524586, 0.0004209817270748317, 8.419634832534939e-05], "val_t_2_loss": [1.7078267335891724, 1.740488052368164, 1.7294912338256836, 1.7614803314208984, 1.8113954067230225, 1.8682712316513062, 1.8770172595977783, 1.9019403457641602, 1.9179760217666626, 1.9208625555038452]}