{"loss": [0.8332233428955078, 0.6959623694419861, 0.6351341605186462, 0.593760073184967, 0.5662983655929565, 0.5399174094200134, 0.5237687230110168, 0.5131769180297852, 0.5057723522186279, 0.5006973743438721], "t_0_acc": [0.016736362129449844, 0.02186298370361328, 0.03391241654753685, 0.0520239882171154, 0.07108978182077408, 0.09059526771306992, 0.10575061291456223, 0.11963365226984024, 0.13157081604003906, 0.14148728549480438], "t_0_loss": [0.45134761929512024, 0.3417539894580841, 0.2803405821323395, 0.23882779479026794, 0.21465954184532166, 0.19011877477169037, 0.1740284413099289, 0.1640114039182663, 0.15626080334186554, 0.15251776576042175], "t_2_acc": [0.85405033826828, 0.8629002571105957, 0.8628722429275513, 0.8625167012214661, 0.8625260591506958, 0.8623951077461243, 0.8631060719490051, 0.861964762210846, 0.862591564655304, 0.8629096150398254], "t_2_loss": [0.38191932439804077, 0.354233056306839, 0.354854553937912, 0.3548501133918762, 0.35166388750076294, 0.34987953305244446, 0.3497893810272217, 0.3491610884666443, 0.34954896569252014, 0.34817585349082947], "val_loss": [1.5594676733016968, 1.6377291679382324, 1.5891873836517334, 1.6238237619400024, 1.5829823017120361, 1.5356005430221558, 1.5195720195770264, 1.496422290802002, 1.5134170055389404, 1.5722390413284302], "val_t_0_acc": [0.026098670437932014, 0.037969354540109634, 0.04049503430724144, 0.05564909800887108, 0.04933490604162216, 0.037885166704654694, 0.03249705210328102, 0.029634619131684303, 0.02828759141266346, 0.02887691557407379], "val_t_0_loss": [0.0, 0.0, 0.0, 0.0, 0.0, 0.0, 0.0, 0.0, 0.0, 0.0], "val_t_2_acc": [0.10506819188594818, 0.10843576490879059, 0.10734130442142487, 0.09252399206161499, 0.09690183401107788, 0.11289779096841812, 0.1191278025507927, 0.13083010911941528, 0.12350563704967499, 0.10338440537452698], "val_t_2_loss": [1.5603399276733398, 1.63876473903656, 1.5897338390350342, 1.6237502098083496, 1.582964539527893, 1.5359148979187012, 1.5202471017837524, 1.4973790645599365, 1.5144134759902954, 1.5727041959762573]}