{"auc": [0.6273801387616971, 0.7884326877957932, 0.7000947820585951], "ks_value": [0.03894068404033679, 0.07518479694632729, 0.02735804643825679], "cvm": [0.0009487274569507905, 0.0010749787763041623, 0.0007511595994698844]}