{"loss": [0.5577471852302551, 0.4507029354572296, 0.4509567320346832, 0.4530395567417145, 0.45296725630760193, 0.45254427194595337, 0.45221322774887085, 0.45185577869415283, 0.45177584886550903, 0.4514159560203552], "t_1_acc": [0.04688800871372223, 0.049760039895772934, 0.12419896572828293, 0.09536639600992203, 0.061762697994709015, 0.04378210008144379, 0.028112225234508514, 0.018439000472426414, 0.01319076120853424, 0.011207468807697296], "t_1_loss": [0.14023663103580475, 0.031635817140340805, 0.031057298183441162, 0.032355885952711105, 0.032084669917821884, 0.03165776655077934, 0.031472135335206985, 0.03105449490249157, 0.03089054860174656, 0.03063407726585865], "t_3_acc": [0.8503082394599915, 0.851206362247467, 0.851206362247467, 0.851206362247467, 0.851206362247467, 0.851206362247467, 0.851206362247467, 0.851206362247467, 0.851206362247467, 0.851206362247467], "t_3_loss": [0.4174903929233551, 0.41906777024269104, 0.4199002683162689, 0.4206874370574951, 0.42083215713500977, 0.4209105670452118, 0.4207704961299896, 0.4207807183265686, 0.420912504196167, 0.4207584261894226], "val_loss": [1.7947285175323486, 1.9096344709396362, 1.9057204723358154, 1.8977681398391724, 1.8670485019683838, 1.8898764848709106, 1.9047662019729614, 1.8896726369857788, 1.891964316368103, 1.9112523794174194], "val_t_1_acc": [8.418925426667556e-05, 8.418925426667556e-05, 0.0, 0.0, 0.0, 0.0, 0.0, 0.0, 0.0, 0.0], "val_t_1_loss": [0.0, 0.0, 0.0, 0.0, 0.0, 0.0, 0.0, 0.0, 0.0, 0.0], "val_t_3_acc": [0.0, 0.0, 0.0, 0.0, 0.0, 0.0, 0.0, 0.0, 0.0, 0.0], "val_t_3_loss": [1.7947170734405518, 1.9096252918243408, 1.9057202339172363, 1.8977677822113037, 1.8670481443405151, 1.889876365661621, 1.9047659635543823, 1.8896723985671997, 1.8919639587402344, 1.9112521409988403]}