{"loss": [0.5676249265670776, 0.436267614364624, 0.431627482175827, 0.4314940273761749, 0.4317209720611572, 0.43186426162719727, 0.431973934173584, 0.4319979250431061, 0.43193289637565613, 0.43197396397590637], "t_1_acc": [0.0013658518437296152, 0.0, 0.0, 0.0, 0.0, 0.0, 0.0, 0.0, 0.0, 0.0], "t_1_loss": [0.14607064425945282, 0.01615559495985508, 0.010895323008298874, 0.010806597769260406, 0.011028876528143883, 0.011219353415071964, 0.011295458301901817, 0.01130866352468729, 0.011263527907431126, 0.011276209726929665], "t_3_acc": [0.848886251449585, 0.851206362247467, 0.851206362247467, 0.851206362247467, 0.851206362247467, 0.851206362247467, 0.851206362247467, 0.851206362247467, 0.851206362247467, 0.851206362247467], "t_3_loss": [0.4214825928211212, 0.42011862993240356, 0.4207339584827423, 0.42071351408958435, 0.4206734895706177, 0.4206482172012329, 0.4206557869911194, 0.42066657543182373, 0.42066970467567444, 0.42069748044013977], "val_loss": [1.9380395412445068, 1.9500714540481567, 1.8941203355789185, 1.898935317993164, 1.8843379020690918, 1.9105424880981445, 1.9203298091888428, 1.9119360446929932, 1.9251577854156494, 1.908691644668579], "val_t_1_acc": [0.0, 0.0, 0.0, 0.0, 0.0, 0.0, 0.0, 0.0, 0.0, 0.0], "val_t_1_loss": [0.0, 0.0, 0.0, 0.0, 0.0, 0.0, 0.0, 0.0, 0.0, 0.0], "val_t_3_acc": [0.0, 0.0, 0.0, 0.0, 0.0, 0.0, 0.0, 0.0, 0.0, 0.0], "val_t_3_loss": [1.9380284547805786, 1.9500715732574463, 1.8941200971603394, 1.898935079574585, 1.8843376636505127, 1.9105424880981445, 1.9203298091888428, 1.9119359254837036, 1.925157904624939, 1.9086917638778687]}