{"loss": [0.570905327796936, 0.4890759289264679, 0.4895426630973816, 0.4854056239128113, 0.4820561707019806, 0.47937196493148804, 0.4769895374774933, 0.4746558368206024, 0.47227799892425537, 0.47035565972328186], "t_1_acc": [0.007390568032860756, 0.0008513185894116759, 0.0046401540748775005, 0.01073035690933466, 0.015763426199555397, 0.01426660269498825, 0.009551608003675938, 0.00667022168636322, 0.005033070221543312, 0.0038449664134532213], "t_1_loss": [0.1624649167060852, 0.07089971750974655, 0.0685199648141861, 0.06415434926748276, 0.06078009679913521, 0.05823894590139389, 0.055691562592983246, 0.053418248891830444, 0.050986018031835556, 0.04911649227142334], "t_3_acc": [0.8511221408843994, 0.851206362247467, 0.851206362247467, 0.851206362247467, 0.851206362247467, 0.851206362247467, 0.851206362247467, 0.851206362247467, 0.851206362247467, 0.851206362247467], "t_3_loss": [0.408401221036911, 0.41811949014663696, 0.4210103154182434, 0.42122048139572144, 0.4212487041950226, 0.4211067855358124, 0.42126771807670593, 0.4212131202220917, 0.4213317930698395, 0.4212360382080078], "val_loss": [1.7832200527191162, 1.8590799570083618, 1.9570399522781372, 1.890699863433838, 1.8975991010665894, 1.8869223594665527, 1.9214190244674683, 1.9068317413330078, 1.8593757152557373, 1.913644552230835], "val_t_1_acc": [0.0, 0.0, 0.0, 0.0, 0.0, 0.0, 0.0, 0.0, 0.0, 0.0], "val_t_1_loss": [0.0, 0.0, 0.0, 0.0, 0.0, 0.0, 0.0, 0.0, 0.0, 0.0], "val_t_3_acc": [0.0, 0.0, 0.0, 0.0, 0.0, 0.0, 0.0, 0.0, 0.0, 0.0], "val_t_3_loss": [1.7836699485778809, 1.8590797185897827, 1.9570395946502686, 1.8906996250152588, 1.8975991010665894, 1.8869222402572632, 1.9214190244674683, 1.9068316221237183, 1.8593754768371582, 1.9136444330215454]}