{"auc": [0.49998900953971953, 0.5000818631447916, 0.49842665915923795], "ks_value": [3.8358980499086925e-05, 0.00031363825028274395, 0.0005936614802398482], "cvm": [0.15584262651334924, 0.15544267713111673, 0.15467307165855712]}