{"loss": [0.27894359827041626, 0.24807746708393097, 0.24428358674049377, 0.24231357872486115, 0.24089109897613525, 0.2403491884469986, 0.23879839479923248, 0.23884131014347076, 0.23798175156116486, 0.23760351538658142], "t_0_acc": [0.03064746968448162, 0.054540522396564484, 0.05440019443631172, 0.05283788591623306, 0.05030263960361481, 0.04917066544294357, 0.04889001324772835, 0.047645777463912964, 0.04729963466525078, 0.04725285992026329], "t_0_loss": [1.5092095136642456, 1.6099298000335693, 1.6027296781539917, 1.5944989919662476, 1.5903747081756592, 1.580344796180725, 1.58296537399292, 1.576862096786499, 1.5693626403808594, 1.5681287050247192], "t_2_acc": [0.8830606341362, 0.8949791193008423, 0.8963075280189514, 0.8967191576957703, 0.8973833918571472, 0.8981037139892578, 0.898796021938324, 0.89765465259552, 0.8980849981307983, 0.8976359367370605], "t_2_loss": [0.27894920110702515, 0.24808593094348907, 0.24431973695755005, 0.2423197329044342, 0.24088193476200104, 0.2403651773929596, 0.23878729343414307, 0.23881737887859344, 0.23797695338726044, 0.2376396805047989], "val_loss": [1.00889253616333, 0.9605892896652222, 0.9474478960037231, 0.9434993267059326, 0.9127066135406494, 0.926970899105072, 0.9307620525360107, 0.9416842460632324, 0.9225645661354065, 0.9273520708084106], "val_t_0_acc": [0.01414379570633173, 0.012880956754088402, 0.011954874731600285, 0.011618117801845074, 0.011281360872089863, 0.011028792709112167, 0.010860414244234562, 0.010692035779356956, 0.010439467616379261, 0.010439467616379261], "val_t_0_loss": [0.0, 0.0, 0.0, 0.0, 0.0, 0.0, 0.0, 0.0, 0.0, 0.0], "val_t_2_acc": [0.5578380227088928, 0.5815793871879578, 0.5772015452384949, 0.5714766979217529, 0.5863781571388245, 0.5729079246520996, 0.5670146346092224, 0.5591850280761719, 0.5637312531471252, 0.5587641000747681], "val_t_2_loss": [1.0085848569869995, 0.9603718519210815, 0.947137176990509, 0.9431527853012085, 0.9123731255531311, 0.9264016151428223, 0.9301667809486389, 0.9410656094551086, 0.9217801690101624, 0.9265478849411011]}