{"loss": [0.28116515278816223, 0.2511000633239746, 0.2474856823682785, 0.24541716277599335, 0.24336986243724823, 0.24212780594825745, 0.24204882979393005, 0.24117344617843628, 0.24082334339618683, 0.23984535038471222], "t_0_acc": [0.05851646140217781, 0.05800192803144455, 0.058572590351104736, 0.0590122826397419, 0.05937713384628296, 0.060247164219617844, 0.060499753803014755, 0.061201389878988266, 0.061538174748420715, 0.061351072043180466], "t_0_loss": [1.5022128820419312, 1.5829074382781982, 1.5482814311981201, 1.5418932437896729, 1.5240702629089355, 1.5272856950759888, 1.5137603282928467, 1.5051583051681519, 1.5042017698287964, 1.4949758052825928], "t_2_acc": [0.8829296827316284, 0.8956058621406555, 0.8964104056358337, 0.8980194926261902, 0.8979914784431458, 0.8986275792121887, 0.898318886756897, 0.8986930847167969, 0.8990392088890076, 0.8993947505950928], "t_2_loss": [0.2811700105667114, 0.25107184052467346, 0.2475414276123047, 0.24538668990135193, 0.24339640140533447, 0.24210873246192932, 0.2420496791601181, 0.2411605715751648, 0.2408144623041153, 0.2398213893175125], "val_loss": [0.9959602355957031, 0.9964274168014526, 0.9330926537513733, 0.9612470865249634, 0.9596736431121826, 0.9471828937530518, 0.9464972615242004, 0.9546446204185486, 0.9451584815979004, 0.9386234283447266], "val_t_0_acc": [0.11635935306549072, 0.1009514182806015, 0.09472089260816574, 0.09118464589118958, 0.08798518031835556, 0.08638545125722885, 0.0860486626625061, 0.0847015231847763, 0.08327018469572067, 0.08183884620666504], "val_t_0_loss": [0.0, 0.0, 0.0, 0.0, 0.0, 0.0, 0.0, 0.0, 0.0, 0.0], "val_t_2_acc": [0.5851646065711975, 0.559653103351593, 0.6029300093650818, 0.5737981200218201, 0.5730403065681458, 0.5840700268745422, 0.5868485569953918, 0.5733771324157715, 0.585669755935669, 0.591647744178772], "val_t_2_loss": [0.9962518215179443, 0.9965262413024902, 0.9331942200660706, 0.9613102078437805, 0.959723949432373, 0.9472295045852661, 0.9465466737747192, 0.9546890258789062, 0.9452120661735535, 0.9386901259422302]}