{"loss": [0.25079742074012756, 0.21004144847393036, 0.20046329498291016, 0.19522136449813843, 0.19268611073493958, 0.19052129983901978, 0.18807029724121094, 0.18677908182144165, 0.1856263428926468, 0.1850510686635971], "t_0_acc": [0.022882696241140366, 0.010646159760653973, 0.010543253272771835, 0.010197113268077374, 0.010159692727029324, 0.010131627321243286, 0.009916458278894424, 0.009804196655750275, 0.009776131249964237, 0.009841617196798325], "t_0_loss": [1.4912898540496826, 1.5168298482894897, 1.491830587387085, 1.4837154150009155, 1.47859787940979, 1.4775824546813965, 1.466191053390503, 1.468797206878662, 1.4650081396102905, 1.4604620933532715], "t_2_acc": [0.8911528587341309, 0.9076085686683655, 0.9100034832954407, 0.9125854969024658, 0.9135022759437561, 0.9140916466712952, 0.9146249294281006, 0.9149149060249329, 0.9160749316215515, 0.9162153005599976], "t_2_loss": [0.2508144974708557, 0.2100691795349121, 0.20046935975551605, 0.19519294798374176, 0.1926792711019516, 0.19052937626838684, 0.18805231153964996, 0.18687021732330322, 0.18561212718486786, 0.18505465984344482], "val_loss": [0.8931814432144165, 0.8186226487159729, 0.7926540374755859, 0.7898316979408264, 0.7657153606414795, 0.7512781023979187, 0.7505342364311218, 0.7423611283302307, 0.7312400937080383, 0.727510392665863], "val_t_0_acc": [0.010018521919846535, 0.010018521919846535, 0.01010271068662405, 0.010776224546134472, 0.01010271068662405, 0.010018521919846535, 0.01018690038472414, 0.010271089151501656, 0.01010271068662405, 0.00976595375686884], "val_t_0_loss": [0.0, 0.0, 0.0, 0.0, 0.0, 0.0, 0.0, 0.0, 0.0, 0.0], "val_t_2_acc": [0.5744233131408691, 0.5654150247573853, 0.6194645762443542, 0.6187068819999695, 0.630240797996521, 0.6332715749740601, 0.6292304992675781, 0.6331031918525696, 0.6378178000450134, 0.6357131004333496], "val_t_2_loss": [0.8941294550895691, 0.8198522925376892, 0.7940409779548645, 0.7914799451828003, 0.7673793435096741, 0.7529447078704834, 0.7522016763687134, 0.7440428137779236, 0.7331081032752991, 0.7293819189071655]}