{"auc": [0.9296446674065202, 0.9332241169628408, 0.8542933260314037], "ks_value": [0.040652873943667345, 0.03446427328591417, 0.040744789494182476], "cvm": [0.0010691298008449301, 0.0011328721094830897, 0.0012315261135916937]}