{"loss": [4.68257474899292, 3.281564950942993, 2.623509645462036, 2.2097866535186768, 1.8990743160247803, 1.719351053237915, 1.5272215604782104, 1.3864710330963135, 1.2612371444702148, 1.160945177078247], "t_0_acc": [0.006548604462295771, 0.006557959597557783, 0.01690475456416607, 0.04820708557963371, 0.09850972145795822, 0.14175857603549957, 0.1636309176683426, 0.17855238914489746, 0.18584004044532776, 0.18990017473697662], "t_0_loss": [0.4258059859275818, 0.28645607829093933, 0.22058866918087006, 0.17933237552642822, 0.14836788177490234, 0.13045960664749146, 0.11145561933517456, 0.09735334664583206, 0.08485890179872513, 0.07483872771263123], "t_2_acc": [0.8491388559341431, 0.851206362247467, 0.851206362247467, 0.851206362247467, 0.851206362247467, 0.851206362247467, 0.851206362247467, 0.851206362247467, 0.851206362247467, 0.851206362247467], "t_2_loss": [0.423706591129303, 0.41835641860961914, 0.4179714024066925, 0.4167397618293762, 0.4155430495738983, 0.41448071599006653, 0.41318953037261963, 0.4133933186531067, 0.4131266474723816, 0.4126201868057251], "val_loss": [1.8582016229629517, 1.8862743377685547, 1.8723170757293701, 1.8685128688812256, 1.7966347932815552, 1.816412329673767, 1.7797645330429077, 1.7630136013031006, 1.7592308521270752, 1.7646981477737427], "val_t_0_acc": [0.009681764990091324, 0.017006229609251022, 0.010860414244234562, 0.007324465550482273, 0.004293652251362801, 0.0016837851144373417, 0.0011786496033892035, 0.0006735140341334045, 0.00025256778462789953, 0.00016837850853335112], "val_t_0_loss": [0.0, 0.0, 0.0, 0.0, 0.0, 0.0, 0.0, 0.0, 0.0, 0.0], "val_t_2_acc": [0.0, 0.0, 0.0, 0.0, 0.0, 0.0, 0.0, 0.0, 0.0, 0.0], "val_t_2_loss": [1.8580338954925537, 1.8860788345336914, 1.872068166732788, 1.8682159185409546, 1.796312928199768, 1.81633722782135, 1.7798779010772705, 1.762969970703125, 1.7592120170593262, 1.7647417783737183]}