{"loss": [4.65212869644165, 3.483558416366577, 2.95375657081604, 2.570678234100342, 2.3004093170166016, 2.0657308101654053, 1.8856807947158813, 1.713982343673706, 1.5885493755340576, 1.4572569131851196], "t_0_acc": [0.056907374411821365, 0.07342857122421265, 0.07762902975082397, 0.0803046002984047, 0.08024847507476807, 0.0800333023071289, 0.07652512192726135, 0.06940585374832153, 0.06066814437508583, 0.0518743060529232], "t_0_loss": [0.4233255982398987, 0.3070243000984192, 0.254244863986969, 0.21628285944461823, 0.18946751952171326, 0.16598375141620636, 0.1480887234210968, 0.13075026869773865, 0.11811815202236176, 0.10487595200538635], "t_2_acc": [0.8511876463890076, 0.851206362247467, 0.851206362247467, 0.851206362247467, 0.851206362247467, 0.851206362247467, 0.851206362247467, 0.851206362247467, 0.851206362247467, 0.851206362247467], "t_2_loss": [0.41948890686035156, 0.4136340916156769, 0.4108097553253174, 0.4082026779651642, 0.40610384941101074, 0.40595680475234985, 0.4057261049747467, 0.40640634298324585, 0.4077867269515991, 0.4084045886993408], "val_loss": [1.8825798034667969, 1.8273375034332275, 1.8343173265457153, 1.8034604787826538, 1.815031886100769, 1.786002278327942, 1.753553032875061, 1.7708982229232788, 1.7472147941589355, 1.7595815658569336], "val_t_0_acc": [0.0722343847155571, 0.09614413231611252, 0.11365550011396408, 0.1256103664636612, 0.13133524358272552, 0.12417915463447571, 0.12266375124454498, 0.09984845668077469, 0.07644384354352951, 0.058511532843112946], "val_t_0_loss": [0.0, 0.0, 0.0, 0.0, 0.0, 0.0, 0.0, 0.0, 0.0, 0.0], "val_t_2_acc": [0.0, 0.0, 0.0, 0.0, 0.0, 0.0, 0.0, 0.0, 0.0, 0.0], "val_t_2_loss": [1.8825856447219849, 1.8273769617080688, 1.834304928779602, 1.8035087585449219, 1.815029501914978, 1.7859936952590942, 1.7535566091537476, 1.771073341369629, 1.7471911907196045, 1.7596044540405273]}