{"loss": [4.669552803039551, 3.424520969390869, 2.8214271068573, 2.3822662830352783, 2.0622174739837646, 1.8482763767242432, 1.6442582607269287, 1.4946906566619873, 1.3610053062438965, 1.2360937595367432], "t_0_acc": [0.019664524123072624, 0.02197524718940258, 0.030479077249765396, 0.045129239559173584, 0.061575595289468765, 0.0778348445892334, 0.09245694428682327, 0.10429120808839798, 0.11060593277215958, 0.11719195544719696], "t_0_loss": [0.42474499344825745, 0.3009229004383087, 0.24070073664188385, 0.19698016345500946, 0.16517533361911774, 0.14384548366069794, 0.12355823069810867, 0.10858721286058426, 0.09520348906517029, 0.08264411985874176], "t_2_acc": [0.8490733504295349, 0.851206362247467, 0.851206362247467, 0.851206362247467, 0.851206362247467, 0.851206362247467, 0.851206362247467, 0.851206362247467, 0.851206362247467, 0.851206362247467], "t_2_loss": [0.4232392907142639, 0.416505366563797, 0.4147427976131439, 0.4128473103046417, 0.4108741581439972, 0.4098494052886963, 0.4089198112487793, 0.4089716374874115, 0.4092910885810852, 0.40991076827049255], "val_loss": [1.8712348937988281, 1.8732467889785767, 1.8206419944763184, 1.803444743156433, 1.7747489213943481, 1.7743639945983887, 1.7439113855361938, 1.7521026134490967, 1.7522310018539429, 1.789305329322815], "val_t_0_acc": [0.009177401661872864, 0.014313378371298313, 0.01953355222940445, 0.02576408162713051, 0.024837922304868698, 0.02071230113506317, 0.013050433248281479, 0.006483118515461683, 0.003620442934334278, 0.001683926908299327], "val_t_0_loss": [0.0, 0.0, 0.0, 0.0, 0.0, 0.0, 0.0, 0.0, 0.0, 0.0], "val_t_2_acc": [0.0, 0.0, 0.0, 0.0, 0.0, 0.0, 0.0, 0.0, 0.0, 0.0], "val_t_2_loss": [1.871042251586914, 1.8730480670928955, 1.8205273151397705, 1.8033665418624878, 1.7746201753616333, 1.774227499961853, 1.7438751459121704, 1.7521653175354004, 1.752482295036316, 1.7894580364227295]}