{"auc": [0.6685109102580848, 0.634565274657845, 0.6108318143986072], "ks_value": [0.025751710758765922, 0.027986110925547036, 0.018296308441886455], "cvm": [0.0005653631739265891, 0.00093811498832415, 0.0007534331631637978]}