{"loss": [17.57779312133789, 2.809020757675171, 1.017245888710022, 0.5743566751480103, 0.46447813510894775, 0.43510282039642334, 0.42624005675315857, 0.4232838749885559, 0.42223626375198364, 0.4217444360256195], "t_1_acc": [0.011862329207360744, 9.35514981392771e-05, 6.548604869749397e-05, 5.613089888356626e-05, 4.677574906963855e-05, 3.742059925571084e-05, 9.35514981392771e-06, 0.0, 0.0, 0.0], "t_1_loss": [0.171534463763237, 0.02388681471347809, 0.00596944335848093, 0.0015372371999546885, 0.0004374682030174881, 0.0001439395418856293, 5.59618383704219e-05, 2.5995606847573072e-05, 1.4996714526205324e-05, 1.0606805517454632e-05], "t_3_acc": [0.8506263494491577, 0.851206362247467, 0.851206362247467, 0.851206362247467, 0.851206362247467, 0.851206362247467, 0.851206362247467, 0.851206362247467, 0.851206362247467, 0.851206362247467], "t_3_loss": [0.42415517568588257, 0.42016923427581787, 0.42041561007499695, 0.42067471146583557, 0.4206787645816803, 0.4206851124763489, 0.42062053084373474, 0.4206617772579193, 0.42073753476142883, 0.42066237330436707], "val_loss": [1.8286572694778442, 1.8925973176956177, 1.921636939048767, 1.9079678058624268, 1.8876620531082153, 1.8968626260757446, 1.9352200031280518, 1.8870238065719604, 1.8990490436553955, 1.897944688796997], "val_t_1_acc": [0.0, 0.0, 0.0, 0.0, 0.0, 0.0, 0.0, 0.0, 0.0, 0.0], "val_t_1_loss": [0.0, 0.0, 0.0, 0.0, 0.0, 0.0, 0.0, 0.0, 0.0, 0.0], "val_t_3_acc": [0.0, 0.0, 0.0, 0.0, 0.0, 0.0, 0.0, 0.0, 0.0, 0.0], "val_t_3_loss": [1.828622579574585, 1.8926126956939697, 1.9216365814208984, 1.9079678058624268, 1.8876620531082153, 1.896862506866455, 1.9352200031280518, 1.8870238065719604, 1.8990490436553955, 1.8979448080062866]}