{"loss": [15.582788467407227, 2.0327308177948, 0.6503450870513916, 0.4747447967529297, 0.43736329674720764, 0.42651858925819397, 0.42341750860214233, 0.4226689338684082, 0.4227527678012848, 0.42181074619293213], "t_1_acc": [0.04443696141242981, 0.0006267949938774109, 0.00015903754683677107, 0.00014032724720891565, 7.484119851142168e-05, 7.484119851142168e-05, 5.613089888356626e-05, 2.806544944178313e-05, 9.35514981392771e-06, 0.0], "t_1_loss": [0.15156935155391693, 0.016124781221151352, 0.002295899670571089, 0.0005400642403401434, 0.00016669182514306158, 5.8492405514698476e-05, 2.748381666606292e-05, 2.0708184820250608e-05, 2.0700888853752986e-05, 1.1113699656561948e-05], "t_3_acc": [0.8496720790863037, 0.851206362247467, 0.851206362247467, 0.851206362247467, 0.851206362247467, 0.851206362247467, 0.851206362247467, 0.851206362247467, 0.851206362247467, 0.851206362247467], "t_3_loss": [0.42430999875068665, 0.4199772775173187, 0.420711487531662, 0.4207868278026581, 0.4206428825855255, 0.4206477105617523, 0.42069515585899353, 0.42059871554374695, 0.4206851124763489, 0.4206773042678833], "val_loss": [1.8383204936981201, 1.9401023387908936, 1.8986272811889648, 1.905468463897705, 1.9379390478134155, 1.9022164344787598, 1.909425139427185, 1.8681280612945557, 1.901261568069458, 1.9014897346496582], "val_t_1_acc": [0.0, 0.0, 0.0, 0.0, 0.0, 0.0, 0.0, 0.0, 0.0, 0.0], "val_t_1_loss": [0.0, 0.0, 0.0, 0.0, 0.0, 0.0, 0.0, 0.0, 0.0, 0.0], "val_t_3_acc": [0.0, 0.0, 0.0, 0.0, 0.0, 0.0, 0.0, 0.0, 0.0, 0.0], "val_t_3_loss": [1.8382617235183716, 1.940102219581604, 1.8986271619796753, 1.9054683446884155, 1.9379390478134155, 1.9022164344787598, 1.909425139427185, 1.8681279420852661, 1.901261568069458, 1.9014897346496582]}