{"loss": [13.762577056884766, 1.5846126079559326, 0.600921630859375, 0.4691288471221924, 0.43490397930145264, 0.4257601499557495, 0.4230472147464752, 0.4221417307853699, 0.4218234419822693, 0.4217086434364319], "t_1_acc": [0.07422375679016113, 0.09744323790073395, 0.08995911478996277, 0.06826452910900116, 0.03984358161687851, 0.009308373555541039, 0.0022265256848186255, 0.0011413282481953502, 0.0008138979901559651, 0.0007016361923888326], "t_1_loss": [0.13338689506053925, 0.011644648388028145, 0.0018016345566138625, 0.0004834391293115914, 0.00014184520114213228, 5.099228292237967e-05, 2.32095717365155e-05, 1.4155159078654833e-05, 1.0975139957736246e-05, 9.773430065251887e-06], "t_3_acc": [0.8511689305305481, 0.851206362247467, 0.851206362247467, 0.851206362247467, 0.851206362247467, 0.851206362247467, 0.851206362247467, 0.851206362247467, 0.851206362247467, 0.851206362247467], "t_3_loss": [0.42146486043930054, 0.42001059651374817, 0.42085444927215576, 0.4207304120063782, 0.4206966459751129, 0.4206409752368927, 0.4206797182559967, 0.42082321643829346, 0.4206797182559967, 0.4207329750061035], "val_loss": [1.8548798561096191, 1.8898504972457886, 1.9129019975662231, 1.8834079504013062, 1.9342000484466553, 1.866249442100525, 1.8974663019180298, 1.8843175172805786, 1.9008126258850098, 1.9210190773010254], "val_t_1_acc": [0.5979624390602112, 0.5476130247116089, 0.49111729860305786, 0.3271870017051697, 0.11366506665945053, 0.013471415266394615, 0.004294013604521751, 0.0015997305745258927, 0.0005051780608482659, 0.00033678539330139756], "val_t_1_loss": [0.0, 0.0, 0.0, 0.0, 0.0, 0.0, 0.0, 0.0, 0.0, 0.0], "val_t_3_acc": [0.0, 0.0, 0.0, 0.0, 0.0, 0.0, 0.0, 0.0, 0.0, 0.0], "val_t_3_loss": [1.8549367189407349, 1.8898502588272095, 1.9129019975662231, 1.8834080696105957, 1.9342000484466553, 1.866249442100525, 1.8974661827087402, 1.8843175172805786, 1.9008126258850098, 1.9210190773010254]}