{"auc": [0.5, 0.4999969776432026, 0.5], "ks_value": [0.0, 4.253212395066708e-05, 4.947287480050466e-05], "cvm": [0.15584262651334924, 0.15584262651334924, 0.15584262651334924]}