{"loss": [0.6744725108146667, 0.6149309277534485, 0.5907576084136963, 0.5734333395957947, 0.5611362457275391, 0.5490115284919739, 0.5393656492233276, 0.5323725342750549, 0.5224367380142212, 0.5179266929626465], "t_0_acc": [0.07445763796567917, 0.05088265985250473, 0.0440346896648407, 0.0421636588871479, 0.038122233003377914, 0.03392177075147629, 0.02846772037446499, 0.022527199238538742, 0.01756897009909153, 0.013480770401656628], "t_0_loss": [0.25372904539108276, 0.21297678351402283, 0.19467705488204956, 0.1816335916519165, 0.1726021021604538, 0.16355454921722412, 0.15578967332839966, 0.1504479944705963, 0.14241895079612732, 0.13875924050807953], "t_2_acc": [0.8474175333976746, 0.851243793964386, 0.8515150547027588, 0.8516179919242859, 0.8511502146720886, 0.8515992760658264, 0.8515337705612183, 0.8517021536827087, 0.8517021536827087, 0.8518986105918884], "t_2_loss": [0.42083486914634705, 0.40206778049468994, 0.39616143703460693, 0.39191052317619324, 0.38860753178596497, 0.3854978680610657, 0.38360023498535156, 0.38199368119239807, 0.3800540566444397, 0.3791751563549042], "val_loss": [1.8123605251312256, 1.7651035785675049, 1.7457094192504883, 1.7176308631896973, 1.707586407661438, 1.6861727237701416, 1.6973435878753662, 1.69098699092865, 1.6898280382156372, 1.6989097595214844], "val_t_0_acc": [0.04807206615805626, 0.046051524579524994, 0.04706179350614548, 0.03712746128439903, 0.03931638225913048, 0.03165516257286072, 0.02382555976510048, 0.01608014851808548, 0.009597575291991234, 0.005388112273067236], "val_t_0_loss": [0.0, 0.0, 0.0, 0.0, 0.0, 0.0, 0.0, 0.0, 0.0, 0.0], "val_t_2_acc": [8.418925426667556e-05, 0.0031150025315582752, 0.004209463018923998, 0.007997979409992695, 0.009176628664135933, 0.013807037845253944, 0.013891227543354034, 0.021973395720124245, 0.02416231669485569, 0.03232867643237114], "val_t_2_loss": [1.8122453689575195, 1.7648866176605225, 1.7455556392669678, 1.7173789739608765, 1.7070835828781128, 1.6855220794677734, 1.6966204643249512, 1.690355896949768, 1.6888893842697144, 1.6983476877212524]}