{"loss": [0.6706807613372803, 0.6119316816329956, 0.5835180878639221, 0.5654733180999756, 0.5527353286743164, 0.5399125218391418, 0.5303741693496704, 0.5212345123291016, 0.5138525366783142, 0.5082105398178101], "t_0_acc": [0.05396050214767456, 0.04785158857703209, 0.04113459214568138, 0.034483082592487335, 0.02668088674545288, 0.020066795870661736, 0.015370510518550873, 0.011750067584216595, 0.008251242339611053, 0.005641154944896698], "t_0_loss": [0.2563874125480652, 0.21487991511821747, 0.190427765250206, 0.173753023147583, 0.1607065051794052, 0.14727964997291565, 0.1374891996383667, 0.12858210504055023, 0.12050838023424149, 0.11611106991767883], "t_2_acc": [0.8459300398826599, 0.8512344360351562, 0.8513841032981873, 0.8512718081474304, 0.8512998819351196, 0.8511314988136292, 0.8511970043182373, 0.8511876463890076, 0.8512531518936157, 0.8514121770858765], "t_2_loss": [0.41434764862060547, 0.39713287353515625, 0.39301368594169617, 0.3917956054210663, 0.39202553033828735, 0.3927046060562134, 0.392905056476593, 0.39270833134651184, 0.39342001080513, 0.3921208679676056], "val_loss": [1.7759150266647339, 1.7748899459838867, 1.7664694786071777, 1.7876118421554565, 1.7890403270721436, 1.7703417539596558, 1.8090702295303345, 1.776445746421814, 1.7747488021850586, 1.7753407955169678], "val_t_0_acc": [0.013638659380376339, 0.008587304502725601, 0.005556491203606129, 0.00244148843921721, 0.0011786496033892035, 0.00025256778462789953, 0.00016837850853335112, 8.418925426667556e-05, 0.0, 0.0], "val_t_0_loss": [0.0, 0.0, 0.0, 0.0, 0.0, 0.0, 0.0, 0.0, 0.0, 0.0], "val_t_2_acc": [0.0004209462786093354, 0.0007577033247798681, 0.0017679744632914662, 0.0016837851144373417, 0.0020205422770231962, 0.0026098669040948153, 0.0016837851144373417, 0.0016837851144373417, 0.001599595881998539, 0.001599595881998539], "val_t_2_loss": [1.7751634120941162, 1.7743607759475708, 1.765858769416809, 1.7870405912399292, 1.7882741689682007, 1.7699633836746216, 1.8085964918136597, 1.7758792638778687, 1.7739101648330688, 1.7744457721710205]}