{"loss": [0.6569042801856995, 0.5966723561286926, 0.5666121244430542, 0.5446005463600159, 0.5312894582748413, 0.5178196430206299, 0.5090409517288208, 0.4996865689754486, 0.4900856018066406, 0.48429036140441895], "t_0_acc": [0.079032301902771, 0.08933231979608536, 0.08701224625110626, 0.07387761771678925, 0.05602798983454704, 0.042565930634737015, 0.031629759818315506, 0.02465081959962845, 0.020403580740094185, 0.017737364396452904], "t_0_loss": [0.23741352558135986, 0.18689924478530884, 0.15655849874019623, 0.13244856894016266, 0.11553490906953812, 0.09960918873548508, 0.08947078883647919, 0.07982435822486877, 0.0704597607254982, 0.06399855017662048], "t_2_acc": [0.8498591780662537, 0.851206362247467, 0.8511970043182373, 0.8512157201766968, 0.851206362247467, 0.851206362247467, 0.851206362247467, 0.851206362247467, 0.851206362247467, 0.851206362247467], "t_2_loss": [0.41958263516426086, 0.4098449945449829, 0.4101351797580719, 0.41217613220214844, 0.4158187210559845, 0.418194442987442, 0.4196222126483917, 0.41988128423690796, 0.41956865787506104, 0.4202995300292969], "val_loss": [1.8501640558242798, 1.8526815176010132, 1.8646674156188965, 1.8825840950012207, 1.9420031309127808, 1.9511098861694336, 1.9352431297302246, 1.9163448810577393, 1.9153170585632324, 1.9230142831802368], "val_t_0_acc": [0.051275573670864105, 0.08823776990175247, 0.06634671986103058, 0.04597120359539986, 0.03249979019165039, 0.019280962646007538, 0.010019364766776562, 0.005051780957728624, 0.0037888356018811464, 0.002862675813958049], "val_t_0_loss": [0.0, 0.0, 0.0, 0.0, 0.0, 0.0, 0.0, 0.0, 0.0, 0.0], "val_t_2_acc": [0.0, 0.0, 0.0, 0.0, 0.0, 0.0, 0.0, 0.0, 0.0, 0.0], "val_t_2_loss": [1.8500901460647583, 1.8528144359588623, 1.8647382259368896, 1.8823829889297485, 1.941943883895874, 1.9508684873580933, 1.934896469116211, 1.9160430431365967, 1.9150843620300293, 1.9229257106781006]}