{"auc": [0.5267447233860325, 0.7069777439373683, 0.6718346225098673], "ks_value": [0.023727263935085396, 0.05036314013651344, 0.05303107990565026], "cvm": [0.0010647944807014708, 0.0009563166480371466, 0.0007694442001143384]}