{"loss": [1.870010495185852, 0.5669080018997192, 0.44652509689331055, 0.42756325006484985, 0.42400574684143066, 0.42314696311950684, 0.4230647385120392, 0.42298993468284607, 0.4229948818683624, 0.42296651005744934], "t_1_acc": [0.021217478439211845, 6.548604869749397e-05, 0.0, 0.0, 0.0, 0.0, 0.0, 0.0, 0.0, 0.0], "t_1_loss": [0.14453372359275818, 0.014693967066705227, 0.0025903761852532625, 0.0006859562126919627, 0.0003318563394714147, 0.00025258769164793193, 0.00023871725716162473, 0.00023382365179713815, 0.0002325965033378452, 0.00022881710901856422], "t_3_acc": [0.8498685359954834, 0.851206362247467, 0.851206362247467, 0.851206362247467, 0.851206362247467, 0.851206362247467, 0.851206362247467, 0.851206362247467, 0.851206362247467, 0.851206362247467], "t_3_loss": [0.424437552690506, 0.41994357109069824, 0.42059722542762756, 0.4207530915737152, 0.42068713903427124, 0.4205991327762604, 0.4206790328025818, 0.42065444588661194, 0.42064738273620605, 0.4206547737121582], "val_loss": [1.8564605712890625, 1.903578281402588, 1.9108021259307861, 1.9192696809768677, 1.8901491165161133, 1.92634117603302, 1.8596196174621582, 1.8917683362960815, 1.8909083604812622, 1.9042925834655762], "val_t_1_acc": [0.0, 0.0, 0.0, 0.0, 0.0, 0.0, 0.0, 0.0, 0.0, 0.0], "val_t_1_loss": [0.0, 0.0, 0.0, 0.0, 0.0, 0.0, 0.0, 0.0, 0.0, 0.0], "val_t_3_acc": [0.0, 0.0, 0.0, 0.0, 0.0, 0.0, 0.0, 0.0, 0.0, 0.0], "val_t_3_loss": [1.8564436435699463, 1.903577446937561, 1.9108020067214966, 1.9192696809768677, 1.8901489973068237, 1.9263410568237305, 1.8596196174621582, 1.891768455505371, 1.8909083604812622, 1.9042925834655762]}