{"loss": [1.9257514476776123, 0.5792587995529175, 0.4515375792980194, 0.43231987953186035, 0.4278213679790497, 0.4269307553768158, 0.4265217185020447, 0.4264223575592041, 0.4263342320919037, 0.4262135624885559], "t_1_acc": [0.201902836561203, 0.40010103583335876, 0.38015586137771606, 0.4190077781677246, 0.5244684219360352, 0.5331031680107117, 0.48402607440948486, 0.4055083096027374, 0.3538304567337036, 0.32191070914268494], "t_1_loss": [0.15028195083141327, 0.01592892035841942, 0.0030892444774508476, 0.001157490536570549, 0.000710338877979666, 0.0006193211302161217, 0.0005808938876725733, 0.0005748177645727992, 0.0005659600137732923, 0.0005498558166436851], "t_3_acc": [0.8500276207923889, 0.851206362247467, 0.851206362247467, 0.851206362247467, 0.851206362247467, 0.851206362247467, 0.851206362247467, 0.851206362247467, 0.851206362247467, 0.851206362247467], "t_3_loss": [0.4228387475013733, 0.4200248420238495, 0.4206213653087616, 0.4207708239555359, 0.4207690358161926, 0.4207375645637512, 0.4206906259059906, 0.42074716091156006, 0.4206278324127197, 0.42074111104011536], "val_loss": [1.8371912240982056, 1.8671050071716309, 1.8998509645462036, 1.9114922285079956, 1.8891005516052246, 1.9003949165344238, 1.8997244834899902, 1.9044619798660278, 1.9226740598678589, 1.882834553718567], "val_t_1_acc": [0.0, 0.0, 0.0, 0.0, 0.0, 0.0, 0.0, 0.0, 0.0, 0.0], "val_t_1_loss": [0.0, 0.0, 0.0, 0.0, 0.0, 0.0, 0.0, 0.0, 0.0, 0.0], "val_t_3_acc": [0.0, 0.0, 0.0, 0.0, 0.0, 0.0, 0.0, 0.0, 0.0, 0.0], "val_t_3_loss": [1.8371721506118774, 1.8671038150787354, 1.899850845336914, 1.9114923477172852, 1.8891005516052246, 1.9003949165344238, 1.8997244834899902, 1.9044620990753174, 1.9226740598678589, 1.8828344345092773]}