{"loss": [1.8601343631744385, 0.5071517825126648, 0.4403112828731537, 0.4286283552646637, 0.4263276755809784, 0.4261155426502228, 0.42608675360679626, 0.4257807731628418, 0.4256214201450348, 0.4254848062992096], "t_1_acc": [0.06538314372301102, 0.06252046674489975, 0.05159365013241768, 0.027822215110063553, 0.014135630801320076, 0.012947526760399342, 0.03177008777856827, 0.07263337820768356, 0.07398052513599396, 0.05274433270096779], "t_1_loss": [0.14369460940361023, 0.008693481795489788, 0.001963735790923238, 0.0007879385957494378, 0.0005663422052748501, 0.0005406911368481815, 0.0005365106626413763, 0.0005059153190813959, 0.0004915479221381247, 0.0004813768609892577], "t_3_acc": [0.8495879173278809, 0.851206362247467, 0.851206362247467, 0.851206362247467, 0.851206362247467, 0.851206362247467, 0.851206362247467, 0.851206362247467, 0.851206362247467, 0.851206362247467], "t_3_loss": [0.42296770215034485, 0.4201938807964325, 0.42067375779151917, 0.4207993149757385, 0.4206896424293518, 0.4207088053226471, 0.4206751585006714, 0.4206981062889099, 0.42068246006965637, 0.42064785957336426], "val_loss": [1.8802697658538818, 1.8866521120071411, 1.8829702138900757, 1.8671919107437134, 1.8946141004562378, 1.8856641054153442, 1.9034370183944702, 1.890434741973877, 1.890495777130127, 1.9165362119674683], "val_t_1_acc": [0.0473143644630909, 0.06457316130399704, 0.050850313156843185, 0.021131504327058792, 0.009176628664135933, 0.005388112273067236, 0.014312174171209335, 0.0494190938770771, 0.08722007274627686, 0.08578885346651077], "val_t_1_loss": [0.0, 0.0, 0.0, 0.0, 0.0, 0.0, 0.0, 0.0, 0.0, 0.0], "val_t_3_acc": [0.0, 0.0, 0.0, 0.0, 0.0, 0.0, 0.0, 0.0, 0.0, 0.0], "val_t_3_loss": [1.880265474319458, 1.8866511583328247, 1.8829702138900757, 1.8671919107437134, 1.8946141004562378, 1.8856641054153442, 1.9034371376037598, 1.8904348611831665, 1.8904956579208374, 1.9165360927581787]}