{"auc": [0.5, 0.5000329713808414, 0.5], "ks_value": [0.0, 0.0, 0.0], "cvm": [0.15584262651334924, 0.15584262651334924, 0.15584262651334924]}