{"loss": [0.24728374183177948, 0.2248154580593109, 0.21932756900787354, 0.21653388440608978, 0.21422865986824036, 0.21287401020526886, 0.21170465648174286, 0.21079455316066742, 0.21048909425735474, 0.2095755636692047], "t_1_acc": [0.03348207846283913, 0.043267566710710526, 0.04340789467096329, 0.044380828738212585, 0.04474567994475365, 0.04529763385653496, 0.04531634598970413, 0.04685994237661362, 0.047196730971336365, 0.048085469752550125], "t_1_loss": [3.217606544494629, 3.0212647914886475, 2.908951759338379, 2.8191781044006348, 2.7787883281707764, 2.756438732147217, 2.739535093307495, 2.715094804763794, 2.7005815505981445, 2.6845498085021973], "t_3_acc": [0.8949604034423828, 0.9032115936279297, 0.9052603840827942, 0.906186580657959, 0.9069069027900696, 0.9075804948806763, 0.9081137180328369, 0.9079734086990356, 0.9086375832557678, 0.9087873101234436], "t_3_loss": [0.24726811051368713, 0.2247902899980545, 0.21933291852474213, 0.21653792262077332, 0.21420542895793915, 0.21283800899982452, 0.21171435713768005, 0.2107786238193512, 0.21047545969486237, 0.20956581830978394], "val_loss": [0.8801316022872925, 0.871058464050293, 0.8362771272659302, 0.8372979164123535, 0.8245386481285095, 0.8162850737571716, 0.816300630569458, 0.8225958943367004, 0.8129194378852844, 0.7934399247169495], "val_t_1_acc": [0.1608014851808548, 0.2003704309463501, 0.20609530806541443, 0.2223438322544098, 0.23227816820144653, 0.23438289761543274, 0.2395184338092804, 0.24145479500293732, 0.2443172186613083, 0.2517258822917938], "val_t_1_loss": [0.0, 0.0, 0.0, 0.0, 0.0, 0.0, 0.0, 0.0, 0.0, 0.0], "val_t_3_acc": [0.62224280834198, 0.5887354612350464, 0.62055903673172, 0.6102879047393799, 0.6160128116607666, 0.6208958029747009, 0.6190435886383057, 0.6191278100013733, 0.6249368786811829, 0.6371443271636963], "val_t_3_loss": [0.8797236680984497, 0.8705748915672302, 0.8357395529747009, 0.8369471430778503, 0.824268639087677, 0.8160758018493652, 0.8161777257919312, 0.8224435448646545, 0.812778651714325, 0.7933083772659302]}