{"loss": [0.2507569193840027, 0.22802336513996124, 0.22180098295211792, 0.21874192357063293, 0.21597188711166382, 0.214991495013237, 0.21362829208374023, 0.21232621371746063, 0.21153508126735687, 0.2108357697725296], "t_1_acc": [0.018513841554522514, 0.016998305916786194, 0.018485775217413902, 0.01879449561238289, 0.01967388018965721, 0.019730011001229286, 0.01983291655778885, 0.02027260884642601, 0.020740365609526634, 0.020890049636363983], "t_1_loss": [2.7467706203460693, 2.7559657096862793, 2.6853442192077637, 2.6682496070861816, 2.639954090118408, 2.6271462440490723, 2.624541997909546, 2.613288640975952, 2.6002869606018066, 2.597764492034912], "t_3_acc": [0.8933419585227966, 0.904006838798523, 0.9063081741333008, 0.9076085686683655, 0.9090118408203125, 0.9091895818710327, 0.9100782871246338, 0.9103589653968811, 0.9111073613166809, 0.9113880395889282], "t_3_loss": [0.25073811411857605, 0.22798806428909302, 0.22177818417549133, 0.21871577203273773, 0.21594353020191193, 0.2149687558412552, 0.21365654468536377, 0.21231389045715332, 0.21152247488498688, 0.2108374834060669], "val_loss": [0.8581787347793579, 0.8541756272315979, 0.8347288966178894, 0.8163232207298279, 0.8015116453170776, 0.8157051205635071, 0.8176354169845581, 0.8180339932441711, 0.8320657014846802, 0.8327803611755371], "val_t_1_acc": [0.022227834910154343, 0.016502484679222107, 0.013471415266394615, 0.010945525020360947, 0.010187758132815361, 0.00884061586111784, 0.007577671203762293, 0.006988296750932932, 0.006398922298103571, 0.006062136963009834], "val_t_1_loss": [0.0, 0.0, 0.0, 0.0, 0.0, 0.0, 0.0, 0.0, 0.0, 0.0], "val_t_3_acc": [0.6361033916473389, 0.6233055591583252, 0.6298728585243225, 0.6430075168609619, 0.6494905948638916, 0.6409868001937866, 0.6347562670707703, 0.633324921131134, 0.6275995373725891, 0.6271786093711853], "val_t_3_loss": [0.8575668931007385, 0.8540719151496887, 0.8340148329734802, 0.8156830072402954, 0.8008722066879272, 0.8152230381965637, 0.8171250820159912, 0.8172736167907715, 0.8314782977104187, 0.8319982886314392]}