{"loss": [0.20104733109474182, 0.16268929839134216, 0.14955134689807892, 0.1429530382156372, 0.13785961270332336, 0.13493888080120087, 0.13325811922550201, 0.13114404678344727, 0.12982995808124542, 0.12814782559871674], "t_1_acc": [0.06541120260953903, 0.07737644016742706, 0.07576735317707062, 0.0751405581831932, 0.07410214096307755, 0.07444828003644943, 0.07413020730018616, 0.07353147864341736, 0.07385890930891037, 0.07381212711334229], "t_1_loss": [3.2681174278259277, 2.982110023498535, 2.856320858001709, 2.8418667316436768, 2.845463752746582, 2.8262779712677, 2.839038848876953, 2.8173391819000244, 2.8174169063568115, 2.8085031509399414], "t_3_acc": [0.9104712009429932, 0.9269362688064575, 0.9366843700408936, 0.9410064220428467, 0.9438129663467407, 0.9450759291648865, 0.9457868933677673, 0.9468721151351929, 0.9479666352272034, 0.9489396214485168], "t_3_loss": [0.20101940631866455, 0.16266728937625885, 0.149564728140831, 0.14294442534446716, 0.13784782588481903, 0.13492193818092346, 0.13323594629764557, 0.13112854957580566, 0.12984099984169006, 0.12814657390117645], "val_loss": [0.6965499520301819, 0.5844809412956238, 0.5777184367179871, 0.5822080373764038, 0.546761691570282, 0.5395119786262512, 0.5514361262321472, 0.5432029962539673, 0.5342279672622681, 0.513350248336792], "val_t_1_acc": [0.0068193296901881695, 0.0038727058563381433, 0.002694056136533618, 0.00244148843921721, 0.001852163695730269, 0.0016837851144373417, 0.001599595881998539, 0.0014312174171209335, 0.001347028068266809, 0.0011786496033892035], "val_t_1_loss": [0.0, 0.0, 0.0, 0.0, 0.0, 0.0, 0.0, 0.0, 0.0, 0.0], "val_t_3_acc": [0.6175282001495361, 0.7415390014648438, 0.7577033042907715, 0.7494527697563171, 0.7661222219467163, 0.7708368301391602, 0.7650277614593506, 0.7690688371658325, 0.7713419795036316, 0.7860751152038574], "val_t_3_loss": [0.6978382468223572, 0.5862884521484375, 0.5799334049224854, 0.584365963935852, 0.548983097076416, 0.5417599678039551, 0.5536792278289795, 0.5454768538475037, 0.5365580320358276, 0.5157389044761658]}