{"auc": [0.9516879864402086, 0.9517550488873808, 0.8530689914462144], "ks_value": [0.049284340371033075, 0.05211325225818031, 0.044054818005785035], "cvm": [0.0016089477222566947, 0.0014838075934796094, 0.0017773708561040725]}