{"loss": [41.850303649902344, 28.46185874938965, 22.358531951904297, 18.72589111328125, 15.743045806884766, 13.600480079650879, 11.704021453857422, 9.913877487182617, 8.605340003967285, 7.383367538452148], "t_0_acc": [0.045606352388858795, 0.05633671209216118, 0.06159430369734764, 0.05973263084888458, 0.049975208938121796, 0.037336401641368866, 0.026287971064448357, 0.01704508252441883, 0.010936169885098934, 0.007895746268332005], "t_0_loss": [0.4141869843006134, 0.28055474162101746, 0.2194538712501526, 0.18310019373893738, 0.153248131275177, 0.13188931345939636, 0.11296804249286652, 0.09500320255756378, 0.08191284537315369, 0.06968047469854355], "t_2_acc": [0.8484278917312622, 0.851206362247467, 0.851206362247467, 0.851206362247467, 0.851206362247467, 0.851206362247467, 0.851206362247467, 0.851206362247467, 0.851206362247467, 0.851206362247467], "t_2_loss": [0.4242032766342163, 0.41925349831581116, 0.4184032082557678, 0.4171534478664398, 0.41545721888542175, 0.414529412984848, 0.4144083261489868, 0.4143548607826233, 0.41464459896087646, 0.4140453636646271], "val_loss": [1.9213601350784302, 1.8886024951934814, 1.8860808610916138, 1.8536468744277954, 1.818984866142273, 1.7952786684036255, 1.7802972793579102, 1.7765071392059326, 1.7563854455947876, 1.73776113986969], "val_t_0_acc": [0.03931638225913048, 0.03283381089568138, 0.026687994599342346, 0.016922039911150932, 0.006482572760432959, 0.001599595881998539, 0.0005051355692557991, 8.418925426667556e-05, 8.418925426667556e-05, 8.418925426667556e-05], "val_t_0_loss": [0.0, 0.0, 0.0, 0.0, 0.0, 0.0, 0.0, 0.0, 0.0, 0.0], "val_t_2_acc": [0.0, 0.0, 0.0, 0.0, 0.0, 0.0, 0.0, 0.0, 0.0, 0.0], "val_t_2_loss": [1.9215060472488403, 1.888551950454712, 1.886110544204712, 1.853626012802124, 1.8189042806625366, 1.7953181266784668, 1.7802824974060059, 1.7763671875, 1.7562822103500366, 1.7377625703811646]}