{"loss": [42.037841796875, 29.310523986816406, 23.32724380493164, 19.35356330871582, 16.320049285888672, 13.8387451171875, 11.876687049865723, 10.25406551361084, 9.040505409240723, 7.796429634094238], "t_0_acc": [0.006043426692485809, 0.008269952610135078, 0.022695593535900116, 0.06562637537717819, 0.14936432242393494, 0.23167091608047485, 0.2929190993309021, 0.3351856470108032, 0.36429888010025024, 0.38861292600631714], "t_0_loss": [0.4162510335445404, 0.28900012373924255, 0.22921814024448395, 0.18949322402477264, 0.15910644829273224, 0.13431523740291595, 0.1146453320980072, 0.09850756078958511, 0.08630756288766861, 0.07386307418346405], "t_2_acc": [0.8499433994293213, 0.851206362247467, 0.851206362247467, 0.851206362247467, 0.851206362247467, 0.851206362247467, 0.851206362247467, 0.851206362247467, 0.851206362247467, 0.851206362247467], "t_2_loss": [0.4226684272289276, 0.41541653871536255, 0.41292133927345276, 0.41082248091697693, 0.4099603295326233, 0.41019636392593384, 0.4100801944732666, 0.4100695550441742, 0.4107935428619385, 0.4105375111103058], "val_loss": [1.890346884727478, 1.8541656732559204, 1.839591145515442, 1.8115206956863403, 1.7837834358215332, 1.7431845664978027, 1.7421103715896606, 1.766694188117981, 1.7304879426956177, 1.7278330326080322], "val_t_0_acc": [0.014818556606769562, 0.04622379317879677, 0.1022985577583313, 0.22143639624118805, 0.32331398129463196, 0.3674328625202179, 0.4141618311405182, 0.43100109696388245, 0.4157615602016449, 0.4114675521850586], "val_t_0_loss": [0.0, 0.0, 0.0, 0.0, 0.0, 0.0, 0.0, 0.0, 0.0, 0.0], "val_t_2_acc": [0.0, 0.0, 0.0, 0.0, 0.0, 0.0, 0.0, 0.0, 0.0, 0.0], "val_t_2_loss": [1.8901652097702026, 1.8539351224899292, 1.8396189212799072, 1.8115074634552002, 1.7838871479034424, 1.7431889772415161, 1.7422833442687988, 1.7669792175292969, 1.7308071851730347, 1.7280762195587158]}