{"loss": [43.003929138183594, 30.392375946044922, 23.972726821899414, 20.26624298095703, 17.29366111755371, 14.985045433044434, 13.204190254211426, 11.680713653564453, 10.440375328063965, 9.402077674865723], "t_0_acc": [0.05556023493409157, 0.05876905098557472, 0.06388631463050842, 0.07255853712558746, 0.07795646041631699, 0.08328889310359955, 0.08210079371929169, 0.07743257284164429, 0.07277370989322662, 0.06702964752912521], "t_0_loss": [0.42588600516319275, 0.29981285333633423, 0.23563741147518158, 0.19853441417217255, 0.16888263821601868, 0.14584991335868835, 0.12797199189662933, 0.11272692680358887, 0.1003296822309494, 0.08994563668966293], "t_2_acc": [0.850616991519928, 0.851206362247467, 0.851206362247467, 0.851206362247467, 0.851206362247467, 0.851206362247467, 0.851206362247467, 0.851206362247467, 0.851206362247467, 0.851206362247467], "t_2_loss": [0.42223408818244934, 0.41511231660842896, 0.4131062626838684, 0.4118671715259552, 0.4119182825088501, 0.4106602370738983, 0.41018760204315186, 0.4094708263874054, 0.4088304936885834, 0.40777042508125305], "val_loss": [1.9138673543930054, 1.8687163591384888, 1.8399230241775513, 1.8035831451416016, 1.7871748208999634, 1.78167724609375, 1.760648488998413, 1.7092742919921875, 1.7100911140441895, 1.6829575300216675], "val_t_0_acc": [0.009176628664135933, 0.0033675702288746834, 0.0015154066495597363, 0.0004209462786093354, 0.00016837850853335112, 8.418925426667556e-05, 0.0, 0.0, 0.0, 0.0], "val_t_0_loss": [0.0, 0.0, 0.0, 0.0, 0.0, 0.0, 0.0, 0.0, 0.0, 0.0], "val_t_2_acc": [0.0, 0.0, 0.0, 0.0, 0.0, 0.0, 0.0, 0.0, 0.0, 0.0], "val_t_2_loss": [1.9137468338012695, 1.8688023090362549, 1.8401371240615845, 1.8037736415863037, 1.7873178720474243, 1.781730055809021, 1.7607909440994263, 1.7095595598220825, 1.7104439735412598, 1.6833438873291016]}