{"auc": [0.6787354457413604, 0.6365430187059802, 0.6896603120027343], "ks_value": [0.014523995449967964, 0.017123728629429125, 0.0240312329927298], "cvm": [0.0009859792797110682, 0.0011547193444355088, 0.0007854074237092646]}