{"loss": [24.0848331451416, 19.200841903686523, 16.8247013092041, 15.024255752563477, 13.93099308013916, 12.782366752624512, 11.819154739379883, 11.3047513961792, 10.786479949951172, 10.274020195007324], "t_0_acc": [0.07173528522253036, 0.08950071781873703, 0.09747130423784256, 0.10399184376001358, 0.10590964555740356, 0.10731291770935059, 0.10892200469970703, 0.11122336983680725, 0.11378668248653412, 0.1137305498123169], "t_0_loss": [0.2366531640291214, 0.18789055943489075, 0.16402077674865723, 0.14607608318328857, 0.1351303607225418, 0.12363816052675247, 0.11404325813055038, 0.1089058443903923, 0.10371433943510056, 0.09854502230882645], "t_2_acc": [0.8511595726013184, 0.851206362247467, 0.851206362247467, 0.851206362247467, 0.851206362247467, 0.851206362247467, 0.851206362247467, 0.851206362247467, 0.851206362247467, 0.851206362247467], "t_2_loss": [0.4260365664958954, 0.42014825344085693, 0.4196709990501404, 0.4197123348712921, 0.419527530670166, 0.4197317957878113, 0.4196022152900696, 0.41955843567848206, 0.4196155369281769, 0.41952186822891235], "val_loss": [1.898844838142395, 1.8996832370758057, 1.8961867094039917, 1.896386981010437, 1.8989442586898804, 1.8893184661865234, 1.895251750946045, 1.8888455629348755, 1.9062793254852295, 1.8950278759002686], "val_t_0_acc": [0.1191278025507927, 0.10203737765550613, 0.08915642648935318, 0.0791378989815712, 0.06347870081663132, 0.05522815138101578, 0.04470449686050415, 0.037800975143909454, 0.03216029703617096, 0.030729079619050026], "val_t_0_loss": [0.0, 0.0, 0.0, 0.0, 0.0, 0.0, 0.0, 0.0, 0.0, 0.0], "val_t_2_acc": [0.0, 0.0, 0.0, 0.0, 0.0, 0.0, 0.0, 0.0, 0.0, 0.0], "val_t_2_loss": [1.8987054824829102, 1.899574637413025, 1.8961540460586548, 1.8963661193847656, 1.8988345861434937, 1.8892842531204224, 1.8952577114105225, 1.8888566493988037, 1.9062827825546265, 1.8950626850128174]}