{"loss": [24.57805633544922, 19.618877410888672, 16.95361328125, 15.079754829406738, 13.710233688354492, 12.868486404418945, 11.986945152282715, 11.176295280456543, 10.596002578735352, 9.894984245300293], "t_0_acc": [0.08825647830963135, 0.06974264234304428, 0.06802129000425339, 0.06697351485490799, 0.06612219661474228, 0.06370856612920761, 0.06006941571831703, 0.058871954679489136, 0.05693544074892998, 0.056495748460292816], "t_0_loss": [0.24157175421714783, 0.19200408458709717, 0.1653948277235031, 0.14663052558898926, 0.1329273134469986, 0.12456309795379639, 0.11570904403924942, 0.10760397464036942, 0.10179297626018524, 0.0948297306895256], "t_2_acc": [0.8502614498138428, 0.851206362247467, 0.851206362247467, 0.851206362247467, 0.851206362247467, 0.851206362247467, 0.851206362247467, 0.851206362247467, 0.851206362247467, 0.851206362247467], "t_2_loss": [0.4255194664001465, 0.4201889634132385, 0.4195813238620758, 0.41906556487083435, 0.41877883672714233, 0.4181833267211914, 0.41764020919799805, 0.4174233376979828, 0.41689684987068176, 0.41627106070518494], "val_loss": [1.9072039127349854, 1.8911689519882202, 1.9052534103393555, 1.8968732357025146, 1.9006364345550537, 1.881783366203308, 1.8693825006484985, 1.868789553642273, 1.8564510345458984, 1.8539685010910034], "val_t_0_acc": [0.14144985377788544, 0.18447420001029968, 0.17925402522087097, 0.1942409723997116, 0.20148184895515442, 0.20905952155590057, 0.22463585436344147, 0.2134377360343933, 0.22960343956947327, 0.24374842643737793], "val_t_0_loss": [0.0, 0.0, 0.0, 0.0, 0.0, 0.0, 0.0, 0.0, 0.0, 0.0], "val_t_2_acc": [0.0, 0.0, 0.0, 0.0, 0.0, 0.0, 0.0, 0.0, 0.0, 0.0], "val_t_2_loss": [1.9071630239486694, 1.8910928964614868, 1.9052151441574097, 1.8969063758850098, 1.900624394416809, 1.8818281888961792, 1.8694332838058472, 1.8688514232635498, 1.8564701080322266, 1.8539968729019165]}