{"loss": [22.84650993347168, 18.166757583618164, 16.000757217407227, 14.520662307739258, 13.143610000610352, 12.251433372497559, 11.610078811645508, 10.749987602233887, 10.138607025146484, 9.740946769714355], "t_0_acc": [0.04647638276219368, 0.033744025975465775, 0.029487431049346924, 0.028673533350229263, 0.027522850781679153, 0.024445006623864174, 0.021956535056233406, 0.017887046560645103, 0.015295669436454773, 0.012984947301447392], "t_0_loss": [0.2242334932088852, 0.17751741409301758, 0.15587495267391205, 0.14105738699436188, 0.12729190289974213, 0.11838313937187195, 0.11198555678129196, 0.10336675494909286, 0.09723245352506638, 0.09327445924282074], "t_2_acc": [0.8469403982162476, 0.851206362247467, 0.851206362247467, 0.851206362247467, 0.851206362247467, 0.851206362247467, 0.851206362247467, 0.851206362247467, 0.851206362247467, 0.851206362247467], "t_2_loss": [0.4280789792537689, 0.41843798756599426, 0.41748762130737305, 0.41713225841522217, 0.41693925857543945, 0.41662275791168213, 0.41612255573272705, 0.4160413146018982, 0.4156399071216583, 0.41534513235092163], "val_loss": [1.892842173576355, 1.89754319190979, 1.8534245491027832, 1.8527660369873047, 1.8678648471832275, 1.85264253616333, 1.8555330038070679, 1.8511686325073242, 1.842557430267334, 1.840250849723816], "val_t_0_acc": [0.04377841204404831, 0.050260987132787704, 0.06288937479257584, 0.0730762779712677, 0.06810910999774933, 0.0747600570321083, 0.06465735286474228, 0.05531234294176102, 0.050513554364442825, 0.046051524579524994], "val_t_0_loss": [0.0, 0.0, 0.0, 0.0, 0.0, 0.0, 0.0, 0.0, 0.0, 0.0], "val_t_2_acc": [0.0, 0.0, 0.0, 0.0, 0.0, 0.0, 0.0, 0.0, 0.0, 0.0], "val_t_2_loss": [1.892475962638855, 1.897316575050354, 1.8533194065093994, 1.8526248931884766, 1.8678261041641235, 1.852556586265564, 1.8554303646087646, 1.8509504795074463, 1.842359185218811, 1.8400832414627075]}