{"auc": [0.5823098956382854, 0.4906946104450619, 0.5815817095726714], "ks_value": [0.01814761453671293, 0.023428268202652675, 0.022326620950251397], "cvm": [0.0007841531232130157, 0.0009247180842829552, 0.0007768646263583091]}