{"loss": [0.25994521379470825, 0.23941025137901306, 0.23518504202365875, 0.2327393889427185, 0.23106029629707336, 0.2300860732793808, 0.22855480015277863, 0.22793491184711456, 0.2272668331861496, 0.22635222971439362], "t_0_acc": [0.028523851186037064, 0.021404583007097244, 0.020029375329613686, 0.018364159390330315, 0.018279962241649628, 0.01797124184668064, 0.017597036436200142, 0.017353802919387817, 0.01726960577070713, 0.017437998205423355], "t_0_loss": [2.440221071243286, 2.4458115100860596, 2.412492275238037, 2.3923826217651367, 2.3661203384399414, 2.3588268756866455, 2.3517746925354004, 2.3400192260742188, 2.3291096687316895, 2.3228564262390137], "t_2_acc": [0.8886175751686096, 0.898131787776947, 0.900058925151825, 0.9010879993438721, 0.9014715552330017, 0.9010412096977234, 0.9017990231513977, 0.9032209515571594, 0.9020609259605408, 0.9026970863342285], "t_2_loss": [0.2599503993988037, 0.23938921093940735, 0.23517538607120514, 0.23273058235645294, 0.23103533685207367, 0.2300516813993454, 0.22854399681091309, 0.22791846096515656, 0.22724910080432892, 0.22634509205818176], "val_loss": [0.94545578956604, 0.9120906591415405, 0.8956417441368103, 0.8918828368186951, 0.9143363833427429, 0.900100588798523, 0.8770633935928345, 0.8778787851333618, 0.8775172829627991, 0.8712300062179565], "val_t_0_acc": [0.0019363529281690717, 0.0019363529281690717, 0.0017679744632914662, 0.001599595881998539, 0.0016837851144373417, 0.0017679744632914662, 0.0016837851144373417, 0.0015154066495597363, 0.0015154066495597363, 0.001599595881998539], "val_t_0_loss": [0.0, 0.0, 0.0, 0.0, 0.0, 0.0, 0.0, 0.0, 0.0, 0.0], "val_t_2_acc": [0.5946287512779236, 0.6054049730300903, 0.6095302104949951, 0.6041421294212341, 0.5886512994766235, 0.6002693772315979, 0.6097828149795532, 0.6064152121543884, 0.6054891347885132, 0.6087725162506104], "val_t_2_loss": [0.9455572962760925, 0.911871612071991, 0.8954610228538513, 0.8914818167686462, 0.9139083623886108, 0.899641215801239, 0.8767656683921814, 0.8775719404220581, 0.8772070407867432, 0.8709157109260559]}