{"loss": [0.2569752633571625, 0.24023044109344482, 0.23543405532836914, 0.23385122418403625, 0.23180612921714783, 0.23077331483364105, 0.22928211092948914, 0.22871127724647522, 0.22811143100261688, 0.22744904458522797], "t_0_acc": [0.02464146353304386, 0.02097424492239952, 0.022779788821935654, 0.02546471729874611, 0.026447007432579994, 0.027008317410945892, 0.027672532945871353, 0.027859635651111603, 0.028346102684736252, 0.028841925784945488], "t_0_loss": [2.4779107570648193, 2.51440167427063, 2.455876350402832, 2.439793586730957, 2.407871723175049, 2.386868953704834, 2.3824875354766846, 2.36044979095459, 2.3573689460754395, 2.352155923843384], "t_2_acc": [0.8912183046340942, 0.8990111351013184, 0.9006576538085938, 0.9009664058685303, 0.9015838503837585, 0.9023696780204773, 0.9026970863342285, 0.9026596546173096, 0.9033893942832947, 0.9031742215156555], "t_2_loss": [0.25694647431373596, 0.2403152734041214, 0.2354467809200287, 0.23384806513786316, 0.23178978264331818, 0.2307637631893158, 0.22928521037101746, 0.22877180576324463, 0.22810906171798706, 0.22751042246818542], "val_loss": [1.018512487411499, 0.898821234703064, 0.9193338751792908, 0.8899786472320557, 0.9050018787384033, 0.8968687057495117, 0.8888124227523804, 0.8986138105392456, 0.8802457451820374, 0.8857173323631287], "val_t_0_acc": [0.0015997305745258927, 0.001094552455469966, 0.001094552455469966, 0.0010103561216965318, 0.0010103561216965318, 0.0010103561216965318, 0.0011787487892434, 0.001094552455469966, 0.0011787487892434, 0.0011787487892434], "val_t_0_loss": [0.0, 0.0, 0.0, 0.0, 0.0, 0.0, 0.0, 0.0, 0.0, 0.0], "val_t_2_acc": [0.540624737739563, 0.6109287142753601, 0.5906373858451843, 0.6036036014556885, 0.5945103764533997, 0.598888635635376, 0.604361355304718, 0.6014987230300903, 0.6094973683357239, 0.6084027886390686], "val_t_2_loss": [1.0179634094238281, 0.8984615206718445, 0.9191016554832458, 0.8897544145584106, 0.904775083065033, 0.8966838717460632, 0.8888372778892517, 0.8986460566520691, 0.8802977800369263, 0.8858515620231628]}