{"loss": [0.22854083776474, 0.2000901699066162, 0.19242246448993683, 0.18677395582199097, 0.1832512468099594, 0.18108497560024261, 0.17895257472991943, 0.17680330574512482, 0.17636457085609436, 0.1750042736530304], "t_0_acc": [0.05478375405073166, 0.07010748982429504, 0.0718194842338562, 0.07292339205741882, 0.07050976157188416, 0.06935907900333405, 0.06841421127319336, 0.06691738218069077, 0.06608477979898453, 0.06531765311956406], "t_0_loss": [2.3875572681427, 2.3396973609924316, 2.2796878814697266, 2.2506465911865234, 2.215686559677124, 2.2102179527282715, 2.1964478492736816, 2.190178394317627, 2.1719295978546143, 2.1721904277801514], "t_2_acc": [0.9006202220916748, 0.9123983979225159, 0.9158784747123718, 0.9177120923995972, 0.9188253879547119, 0.9196112155914307, 0.9208461046218872, 0.9206122159957886, 0.9205747842788696, 0.9215757846832275], "t_2_loss": [0.22851979732513428, 0.20008370280265808, 0.19243311882019043, 0.18676525354385376, 0.18327277898788452, 0.181097611784935, 0.17895986139774323, 0.17679157853126526, 0.17637257277965546, 0.17499719560146332], "val_loss": [0.8329071998596191, 0.7671141624450684, 0.744131326675415, 0.7448434233665466, 0.7316029071807861, 0.7172417640686035, 0.694365918636322, 0.7155082821846008, 0.6701473593711853, 0.6827380657196045], "val_t_0_acc": [0.10102710872888565, 0.07450748980045319, 0.061626534909009933, 0.054049503058195114, 0.04925071448087692, 0.04832463338971138, 0.04790368676185608, 0.046725038439035416, 0.04520963132381439, 0.04411517083644867], "val_t_0_loss": [0.0, 0.0, 0.0, 0.0, 0.0, 0.0, 0.0, 0.0, 0.0, 0.0], "val_t_2_acc": [0.6203064322471619, 0.6508671641349792, 0.6608014702796936, 0.6524667739868164, 0.6603805422782898, 0.667031466960907, 0.6776393055915833, 0.6614750027656555, 0.6883313655853271, 0.6778919100761414], "val_t_2_loss": [0.8334160447120667, 0.7677577137947083, 0.7449904680252075, 0.7460438013076782, 0.7328504920005798, 0.7186471819877625, 0.6959562301635742, 0.7171643376350403, 0.6717954874038696, 0.6843757629394531]}