{"auc": [0.9402184957301002, 0.9401457001308033, 0.8661966488316706], "ks_value": [0.03820707905623788, 0.040435030921607745, 0.041649083000244724], "cvm": [0.0011515808211045625, 0.0010407778189972891, 0.0015558291411897917]}